{
  "type": "minecraft:crafting_shaped",
  "category": "misc",
  "pattern": [
    "012",
    "345",
    "678"
  ],
  "key": {
    "0": {
      "item": "minecraft:prismarine_crystals"
    },
    "1": {
      "item": "minecraft:prismarine_shard"
    },
    "2": {
      "item": "minecraft:prismarine_crystals"
    },
    "3": {
      "item": "minecraft:prismarine_shard"
    },
    "4": {
      "item": "minecraft:beacon"
    },
    "5": {
      "item": "minecraft:prismarine_shard"
    },
    "6": {
      "item": "minecraft:prismarine_crystals"
    },
    "7": {
      "item": "minecraft:prismarine_shard"
    },
    "8": {
      "item": "minecraft:prismarine_crystals"
    }
  },
  "result": {
    "item": "minecraft:heart_of_the_sea",
    "count": 1
  }
}